name;categories;subcategories;calories;protein;fat;carbs;calcium;iron;magnesium;allergens
Agar agar;Miscellaneous;Gelling and binding agents;160.0;2.4;0.2;0.0;660.0;4.5;100.0;
Agave syrup;Sweets;Sugar and sweeteners;293.0;0.2;0.0;73.1;0.0;0.0;0.0;
Maple syrup;Sweets;Sugar and sweeteners;358.0;0.0;0.3;88.7;96.0;0.1;30.0;
Alga Nori dried;Vegetables;Dried vegetables;255.0;31.5;1.6;10.5;320.0;37.0;490.0;
Älplermagronen, prepared;Courts;Other salty;180.0;6.0;9.0;17.9;120.0;0.4;20.0;
Amaranth seeds, cooked;Cereal products, pulses and potatoes;Other cereal products;119.0;5.0;2.1;18.1;58.0;3.0;84.0;
Amaretti;Sweets;Guetzli;464.0;8.8;13.0;76.7;69.0;0.9;62.0;, raw
Applesauce;Fruits;Fruit cooked (incl. preserves);89.0;0.3;0.3;20.5;4.4;0.2;3.6;
Apple juice;Fruits;Fruit juices,Soft drinks;50.0;0.2;0.1;11.9;4.5;0.3;4.7;
Cider, 6.2 vol%;Alcoholic drinks;Wine;64.0;0.0;0.0;7.3;5.0;0.3;4.0;
Appenzeller;Milk and dairy products;Hard cheese;384.0;24.3;31.7;0.0;740.0;0.3;29.0;milk
Apricot dried;Fruits;Fruits dried;239.0;2.9;0.5;59.1;82.0;1.4;50.0;
Apricot;Fruits;Fruits fresh;44.0;0.8;0.1;9.0;15.0;0.2;8.4;
Artichokes;Vegetables;Vegetables cooked (incl. canned);27.0;1.8;0.5;2.3;25.0;0.4;18.0;, raw
Cold cuts;Meat and sausage products;Boiled sausage products;276.0;13.9;24.2;0.7;8.1;0.8;12.0;
Avocado;Vegetables;Fresh vegetables, nuts, seeds and oil fruits;144.0;1.8;14.2;0.8;16.0;1.0;33.0;
Baker's yeast, pressed;Miscellaneous;Yeast,Miscellaneous;96.0;16.7;1.2;1.1;16.0;2.9;41.0;
Balsamic vinegar;Miscellaneous;Salt, spices and flavours;128.0;0.7;0.6;25.8;18.0;1.0;12.0;
Banana dried;Fruits;Fruits dried;370.0;3.9;1.8;80.7;22.0;1.2;110.0;
Banana;Fruits;Fruits fresh;89.0;1.1;0.1;19.7;5.1;0.2;28.0;
Basil;Vegetables;Herbs;46.0;3.1;0.8;5.1;250.0;5.5;11.0;
Basel treat;Sweets;Guetzli;412.0;7.5;7.9;75.0;51.0;1.0;40.0;
Farmhouse bread;Breads, flakes and breakfast cereals;Breads and bread products;241.0;9.2;2.0;44.3;46.0;1.5;38.0;
Bauernschüblig;Meat and sausage products;Raw sausage products;524.0;21.3;48.5;0.3;4.8;1.5;23.0;
Tree nut;Nuts, seeds and oil fruits;;709.0;15.7;67.3;6.9;78.0;2.6;140.0;
Tree nut bread;Breads, flakes and breakfast cereals;Breads and bread products;332.0;9.2;17.9;30.8;31.0;2.1;67.0;
Tree nut oil;Fats and oils;Oils;810.0;0.0;90.0;0.0;0.0;0.0;0.0;
Béchamel sauce, homemade;Miscellaneous;Sauces;147.0;4.2;9.9;10.1;120.0;0.1;12.0;
Berries;Fruits;Fruits fresh;40.0;0.7;0.5;6.3;18.0;0.2;12.0;
Alpine cheese;Milk and dairy products;Hard cheese;453.0;27.1;38.3;0.0;920.0;0.0;0.0;milk
Hobelkäse;Milk and dairy products;Hard cheese;491.0;30.0;41.2;0.0;0.0;0.0;0.0;milk
Tongue sausage;Meat and sausage products;Boiled sausage products;333.0;17.3;29.4;0.0;3.4;1.3;20.0;
Beaver;Sweets;Other sweet baked goods;355.0;7.8;5.6;65.6;52.0;1.3;30.0;
Radler;Alcoholic drinks;Beer;39.0;0.2;0.0;7.4;4.5;0.1;11.0;
Beer non-alcoholic;Alcoholic drinks;Beer;23.0;0.4;0.0;4.9;4.8;0.0;6.2;
Beer Lager;Alcoholic drinks;Beer;42.0;0.5;0.0;3.1;3.5;0.0;9.6;
Brewer's yeast, dried;Special food;Supplements,Miscellaneous;354.0;47.9;4.2;26.5;50.0;18.0;230.0;
Beer sausage;Meat and sausage products;Boiled sausage products;291.0;15.6;25.4;0.0;2.9;1.2;13.0;
Pear dried;Fruits;Fruits dried;288.0;2.3;1.4;59.7;48.0;0.8;34.0;
Pear;Fruits;Fruits fresh;54.0;0.5;0.3;10.9;6.5;0.1;8.2;
Pear juice;Fruits;Fruit juices,Soft drinks;52.0;0.5;0.3;12.1;10.0;0.2;7.0;
Birnenweggen;Sweets;Other sweet baked goods;363.0;4.9;10.4;57.2;64.0;1.6;32.0;egg
Blanc battu, nature, lean;Milk and dairy products;Cream cheese and curd;47.0;7.8;0.0;3.9;130.0;0.2;12.0;milk
Puff pastry;Cereal products, pulses and potatoes;Doughs;383.0;5.7;24.0;35.1;4.6;0.3;7.4;
Puff pastry sticks;Salty snacks;Puff pastries;496.0;7.1;33.5;40.4;14.0;0.9;21.0;
Lettuce;Vegetables;Vegetables fresh;18.0;1.6;0.3;1.4;53.0;1.0;13.0;
Blue cheese;Milk and dairy products;Hard cheese;360.0;19.1;31.5;0.2;610.0;0.4;24.0;milk
Cauliflower, steamed;Vegetables;Vegetables cooked (incl. canned);26.0;2.4;0.3;2.3;20.0;0.4;14.0;
Cauliflower;Vegetables;Vegetables fresh;26.0;2.4;0.3;2.3;20.0;0.5;15.0;
Black pudding;Meat and sausage products;Cooked sausages;149.0;10.2;10.8;2.6;61.0;30.0;13.0;
Bean;Cereal products, pulses and potatoes;Legumes;305.0;20.9;1.5;40.7;130.0;6.3;160.0;
Bean green;Vegetables;Vegetables fresh;31.0;2.1;0.2;3.6;56.0;1.0;28.0;
Meat Bouillon;Courts;Stews and soups;5.0;0.3;0.3;0.2;1.0;0.2;10.0;
Poultry Bouillon;Courts;Stews and soups;5.0;0.3;0.3;0.3;6.0;0.0;11.0;
Vegetables Bouillon;Courts;Stews and soups;6.0;0.3;0.4;0.4;1.0;0.1;4.0;
Branchli;Sweets;Chocolate and cocoa products;558.0;8.3;35.7;49.1;190.0;1.5;79.0;
Grain brandy, 40 vol%;Alcoholic drinks;Spirits;234.0;0.0;0.0;0.1;1.9;0.0;1.0;
Brandy from wine;Alcoholic drinks;Spirits;228.0;0.0;0.0;1.9;0.0;0.0;1.0;
Brandy from sugar cane;Alcoholic drinks;Spirits;222.0;0.0;0.0;0.0;0.0;0.1;0.0;
Gravy bound;Miscellaneous;Sauces;53.0;1.6;3.0;4.6;18.0;0.6;8.0;
Bresaola;Meat and sausage products;Raw sausage products;167.0;32.4;3.9;0.4;35.0;7.1;0.0;
Brie cream;Milk and dairy products;Soft cheese;342.0;17.7;30.0;0.0;500.0;0.2;20.0;milk
Brie;Milk and dairy products;Soft cheese;298.0;21.4;23.5;0.0;420.0;0.1;19.0;milk
Broccoli;Vegetables;Vegetables fresh;31.0;3.0;0.4;2.4;93.0;1.4;25.0;
Blackberry;Fruits;Fruits fresh;47.0;1.1;0.7;6.5;31.0;0.4;20.0;
Bread;Breads, flakes and breakfast cereals;Breads and bread products;264.0;9.2;4.6;44.6;29.0;1.5;36.0;
Smoked boiled sausages;Meat and sausage products;Boiled sausage products;249.0;14.0;21.2;0.5;8.5;0.9;13.0;
Cooked sausages;Meat and sausage products;Boiled sausage products;251.0;13.4;21.6;0.8;12.0;0.7;13.0;
Watercress;Vegetables;Vegetables fresh;17.0;2.2;0.2;0.3;160.0;1.3;20.0;
Brunsli;Sweets;Guetzli;515.0;14.9;29.9;43.3;140.0;3.1;140.0;
Buckwheat grain;Cereal products, pulses and potatoes;Other cereal products;346.0;9.8;1.7;71.0;18.0;3.8;140.0;gluten
Buckwheat flour;Cereal products, pulses and potatoes;Flours and starches;348.0;11.5;2.2;68.4;24.0;2.5;160.0;gluten
Bürli;Breads, flakes and breakfast cereals;Breads and bread products;215.0;8.6;1.0;41.5;17.0;1.3;28.0;
Butter croissants light;Breads, flakes and breakfast cereals;Breads and bread products;432.0;8.7;24.2;43.5;52.0;1.0;25.0;
Butter croissants wholemeal;Breads, flakes and breakfast cereals;Breads and bread products;368.0;6.8;19.7;38.7;15.0;1.0;24.0;
Buttermilk;Milk and dairy products;Milk and yoghurt drinks;34.0;3.4;0.5;4.0;110.0;0.1;16.0;milk
Café crème, unsweetened;Soft drinks;Coffee;13.0;0.3;1.1;0.5;14.0;0.0;3.7;
Cake Financier;Sweets;Cakes, Pies and Cake;440.0;11.1;26.1;38.5;80.0;1.0;71.0;
Camembert cream;Milk and dairy products;Soft cheese;355.0;17.1;31.7;0.0;350.0;0.2;16.0;milk
Camembert;Milk and dairy products;Soft cheese;297.0;20.8;23.7;0.0;370.0;0.1;19.0;milk
Cappuccino;Milk and dairy products;Milk and yoghurt drinks,Soft drinks;37.0;1.7;2.2;2.6;67.0;0.0;6.6;milk
Capuns;Courts;Other salty;164.0;8.1;10.2;9.6;42.0;1.0;15.0;
Cashew nut;Nuts, seeds and oil fruits;;593.0;21.5;45.2;23.2;40.0;5.9;270.0;shellFruit
Cervelat;Meat and sausage products;Boiled sausage products;249.0;13.4;21.5;0.5;11.0;0.8;13.0;
Mushroom;Vegetables;Mushrooms;25.0;3.7;0.3;1.1;7.0;1.0;11.0;
Chia seeds;Nuts, seeds and oil fruits;;482.0;21.4;34.1;1.8;550.0;6.5;320.0;
Chicory;Vegetables;Vegetables fresh;14.0;1.0;0.2;0.7;20.0;0.2;10.0;
Chinese cabbage;Vegetables;Vegetables fresh;16.0;1.1;0.3;1.2;40.0;0.6;11.0;
Chräbeli;Sweets;Guetzli;366.0;8.6;2.9;75.3;32.0;1.8;14.0;
Cicorino red;Vegetables;Vegetables fresh;19.0;1.4;0.1;1.6;36.0;0.3;0.0;
Cocktail sauce;Miscellaneous;Sauces;696.0;2.4;74.5;3.8;21.0;0.9;4.8;
Cola drink sweetened;Soft drinks;Sweet drinks;40.0;0.0;0.0;10.0;5.0;0.0;1.0;
Cola drink with sweeteners;Soft drinks;Sweet drinks energy reduced;0.0;0.0;0.0;0.0;4.0;0.0;1.0;
Coleslaw salad;Courts;Salads;120.0;1.6;10.3;4.1;59.0;0.3;11.0;
Coppa;Meat and sausage products;Raw sausage products;319.0;28.8;22.5;0.3;13.0;1.4;26.0;
Cornflakes;Breads, flakes and breakfast cereals;Muesli mixes and breakfast cereals;363.0;7.7;0.6;79.7;13.0;2.0;14.0;
Cotechino;Meat and sausage products;Raw sausage products;450.0;17.2;42.3;0.0;30.0;2.1;0.0;
Cotto;Meat and sausage products;Cooked sausages;93.0;15.7;3.1;0.6;7.5;0.7;18.0;
Crackers;Salty snacks;Salt sticks and pretzels;449.0;9.2;15.9;66.3;110.0;1.6;24.0;
Cream slice;Sweets;Other sweet baked goods;301.0;4.1;18.8;28.8;79.0;0.3;11.0;
Date dried;Fruits;Fruits dried;289.0;2.4;0.6;64.7;68.0;2.2;55.0;
Spelt flour;Cereal products, pulses and potatoes;Flours and starches;348.0;14.3;2.2;65.0;28.0;2.4;64.0;gluten
Safflower oil;Fats and oils;Oils;810.0;0.0;90.0;0.0;0.0;0.0;0.0;
Double cream, pasteurised;Fats and oils;Cream,Milk and dairy products;468.0;1.9;50.0;2.7;49.0;0.1;5.0;
Cod;Fish;Sea fish;76.0;18.1;0.4;0.0;13.0;0.2;23.0;
Dulce de Leche;Sweets;Jams and sweet spreads;299.0;5.7;7.3;52.6;210.0;0.1;18.0;
Sweet chestnut;Nuts, seeds and oil fruits;;210.0;2.9;1.9;41.2;18.0;2.1;31.0;
Egli;Fish;Freshwater fish;79.0;18.0;0.7;0.0;80.0;0.9;30.0;
Egg liqueur 16.5 vol%;Alcoholic drinks;Other alcoholic beverages;313.0;4.4;7.7;30.8;15.0;0.8;4.4;egg
Chanterelle;Vegetables;Mushrooms;24.0;2.3;0.5;0.2;8.0;6.5;14.0;
Iceberg lettuce;Vegetables;Vegetables fresh;16.0;1.0;0.2;1.6;34.0;0.5;7.0;
Iced tea;Soft drinks;Sweet drinks,Soft drinks;30.0;0.0;0.0;7.5;0.1;0.0;0.9;
Emmental;Milk and dairy products;Hard cheese;408.0;28.4;32.6;0.0;1030.0;0.4;31.0;milk
Endive;Vegetables;Vegetables fresh;16.0;1.8;0.2;1.2;54.0;1.4;10.0;
Energy drink;Soft drinks;Sweet drinks;44.0;0.0;0.0;10.9;4.0;0.0;1.0;
Pea;Vegetables;Vegetables cooked (incl. canned);87.0;4.8;0.8;12.8;32.0;1.6;21.0;
Pea green;Vegetables;Vegetables fresh;90.0;6.0;0.7;12.0;26.0;1.9;34.0;
Strawberry;Fruits;Fruits fresh;39.0;0.6;0.5;6.0;18.0;0.2;12.0;
Peanut;Nuts, seeds and oil fruits;;623.0;26.1;49.1;14.8;65.0;1.6;160.0;peanut
Peanut flips;Salty snacks;Chips;507.0;13.2;24.2;56.5;16.0;0.9;43.0;peanut
Peanut roasted, salted;Salty snacks;Salted nuts, seeds, kernels;631.0;26.2;50.0;15.0;47.0;1.2;170.0;peanut
Peanut butter;Sweets;Jams and sweet spreads;636.0;26.1;51.8;12.5;37.0;2.0;180.0;peanut
Peanut oil;Fats and oils;Oils;810.0;0.0;90.0;0.0;0.0;0.0;0.0;peanut
Espresso crème, unsweetened;Soft drinks;Coffee;28.0;0.5;2.5;0.8;23.0;0.0;4.1;
Vinegar;Miscellaneous;Salt, spices and flavours;22.0;0.1;0.0;0.7;7.0;0.2;7.7;
Falafel;Courts;Oriental dishes;222.0;8.4;7.8;26.3;44.0;1.6;41.0;
Spring cabbage;Vegetables;Vegetables fresh;44.0;4.3;0.9;2.5;270.0;1.3;27.0;
Fig dried;Fruits;Fruits dried;267.0;3.1;1.2;55.9;190.0;1.4;67.0;
Fig;Fruits;Fruits fresh;71.0;1.2;0.5;13.5;57.0;0.3;22.0;
Whitefish;Fish;Freshwater fish;101.0;19.2;2.7;0.0;34.0;0.4;26.0;fish
Fennel;Vegetables;Vegetables fresh;23.0;1.1;0.3;2.3;37.0;0.5;12.0;
Fermented dough;Cereal products, pulses and potatoes;Doughs;199.0;7.8;0.9;38.3;13.0;1.5;32.0;
Fish;Fish;Freshwater fish,Fish;146.0;20.9;6.9;0.0;23.0;0.8;30.0;fish
Fish fingers;Fish;Sea fish;300.0;16.0;18.6;16.6;11.0;0.4;19.0;fish
Tarte flan dough;Cereal products, pulses and potatoes;Doughs;221.0;7.5;2.9;39.9;11.0;1.1;25.0;
Meat;Meat and offal;Veal,meat and offal;146.0;21.4;6.7;0.0;6.5;1.1;22.0;
Flounder;Fish;Sea fish;72.0;16.5;0.7;0.0;48.0;0.3;22.0;
Fondue non-alcoholic, prepared;Courts;Other salty;283.0;18.7;21.5;1.6;680.0;0.5;22.0;
Trout;Fish;Freshwater fish;127.0;16.0;7.0;0.0;14.0;2.0;30.0;fish
Fotzel slices;Courts;Other sweet dishes;222.0;8.0;9.9;24.5;56.0;0.7;13.0;
Fribourg Vacherin;Milk and dairy products;Hard cheese;370.0;23.5;30.4;0.0;640.0;0.1;25.0;milk
Cream cheese;Milk and dairy products;Cream cheese and curd;351.0;11.1;32.1;4.5;110.0;0.2;8.0;milk
Fruit cocktail;Fruits;Fruit cooked (incl. preserves);77.0;0.6;0.2;17.3;8.2;0.1;7.4;
Fruits cooked;Fruits;Fruit cooked (incl. preserves);50.0;0.6;0.4;9.9;14.0;0.2;8.5;
Fruits dried;Fruits;Fruits dried;278.0;2.5;1.1;60.5;70.0;1.4;53.0;
Fruits;Fruits;Fruits fresh;54.0;0.6;0.2;11.3;14.0;0.2;12.0;
Fruit juice spritzer , unsweetened;Soft drinks;Fruit and vegetable juices;31.0;0.2;0.1;7.4;7.4;0.2;4.8;
Fruit juice;Fruits;Fruit juices,Soft drinks;52.0;0.4;0.1;12.3;7.7;0.3;7.4;
Spring roll;Courts;Asian dishes;224.0;6.5;11.2;23.1;25.0;0.9;16.0;
Five-grain beer;Alcoholic drinks;Beer;40.0;0.6;0.0;2.0;3.6;0.0;11.0;
Shrimp;Fish;Seafood, crustaceans and shellfish;56.0;11.4;0.6;1.2;30.0;0.3;0.0;crustacean
Poultry meat;Meat and offal;Poultry;134.0;21.6;5.3;0.1;7.5;0.5;25.0;
Poultry Lyoner;Meat and sausage products;Boiled sausage products;205.0;13.5;16.4;0.9;13.0;0.5;17.0;
Minced meat;Meat and offal;Veal,meat and offal;143.0;21.6;6.2;0.0;4.2;1.1;20.0;
Vegetables;Vegetables;Vegetables fresh;26.0;1.3;0.3;3.7;27.0;0.4;13.0;
Barley flakes;Breads, flakes and breakfast cereals;Flakes, bran and germ;333.0;8.5;1.5;66.1;16.0;2.0;66.0;gluten
Sliced meat;Meat and offal;Veal,meat and offal;118.0;22.0;3.3;0.1;6.4;0.8;22.0;
Cereal flakes;Breads, flakes and breakfast cereals;Flakes, bran and germ;348.0;10.8;3.2;64.0;26.0;3.6;94.0;
Glarus Schabziger;Milk and dairy products;Cream cheese and curd;132.0;31.6;0.5;0.0;860.0;0.2;34.0;milk
Gorgonzola;Milk and dairy products;Hard cheese;357.0;19.0;31.2;0.1;610.0;0.3;20.0;milk
Pomegranate;Fruits;Fruits fresh;81.0;1.4;1.2;14.3;9.5;0.2;12.0;
Grapefruit;Fruits;Fruits fresh;42.0;0.9;0.5;8.0;23.0;0.1;8.0;
Gruyère;Milk and dairy products;Hard cheese;396.0;26.4;32.0;0.0;900.0;0.4;35.0;milk
Gumdrop with fruit essence;Sweets;Sweets, fruit and chewing gum;341.0;6.6;0.0;78.6;9.0;0.2;2.0;
Cucumber in vinegar;Vegetables;Vegetables cooked (incl. canned);14.0;0.7;0.1;2.1;14.0;1.0;11.0;
Cucumber;Vegetables;Vegetables fresh;14.0;0.7;0.1;2.0;15.0;0.2;10.0;
Meatloaf;Courts;Other salty;166.0;15.8;7.7;8.2;13.0;1.3;16.0;
Oatmeal;Breads, flakes and breakfast cereals;Flakes, bran and germ;381.0;13.5;7.5;59.5;53.0;3.8;120.0;
Oat bran;Breads, flakes and breakfast cereals;Flakes, bran and germ;371.0;18.5;7.0;50.8;58.0;5.4;240.0;
Semi-skimmed milk;Milk and dairy products;Milk;46.0;3.2;1.5;4.8;120.0;0.0;12.0;milk
Half-fat butter;Fats and oils;Fats,milk and dairy products;391.0;4.8;39.8;3.5;120.0;0.0;14.0;
Half cream, pasteurised;Fats and oils;Cream,Milk and dairy products;274.0;2.3;27.9;3.3;78.0;0.0;7.0;
Half cream, UHT;Fats and oils;Cream,Milk and dairy products;251.0;2.5;25.1;3.7;91.0;0.0;8.6;
Half-white bread;Breads, flakes and breakfast cereals;Breads and bread products;240.0;9.4;1.1;46.4;16.0;1.8;38.0;
Hemp oil;Fats and oils;Oils;810.0;0.0;90.0;0.0;0.0;0.0;0.0;
Hard and semi-hard cheese;Milk and dairy products;Hard cheese;397.0;26.6;32.1;0.0;910.0;0.3;32.0;milk
Hard caramels;Sweets;Sweets, fruit and chewing gum;385.0;0.5;0.3;95.0;4.0;0.1;3.0;
Durum wheat semolina;Cereal products, pulses and potatoes;Other cereal products;353.0;12.0;1.4;71.4;17.0;0.9;27.0;gluten
Hare;Meat and offal;Other species;115.0;22.0;3.0;0.0;14.0;2.8;24.0;
Hazelnut;Nuts, seeds and oil fruits;;661.0;16.4;59.5;10.1;160.0;3.6;160.0;hazelnut
Hazelnut chocolate;Sweets;Jams and sweet spreads;548.0;6.0;32.7;55.9;130.0;1.2;50.0;hazelnut
Hazelnut biscuits;Sweets;Guetzli;473.0;6.7;27.7;47.4;80.0;1.6;49.0;hazelnut
Hazelnut macaroon;Sweets;Guetzli;544.0;12.2;37.0;37.5;100.0;2.3;100.0;hazelnut
Hazelnut oil;Fats and oils;Oils;810.0;0.0;90.0;0.0;0.0;0.0;0.0;hazelnut
Hazelnut stalks;Sweets;Guetzli;567.0;10.5;36.6;47.0;61.0;1.9;55.0;hazelnut
Pike;Fish;Freshwater fish;81.0;18.4;0.9;0.0;32.0;0.5;28.0;
Yeast dough;Cereal products, pulses and potatoes;Doughs;311.0;8.7;11.1;43.2;34.0;1.1;22.0;
Blueberry;Fruits;Fruits fresh;52.0;0.9;0.3;10.6;10.0;0.6;5.0;
Halibut;Fish;Sea fish;118.0;20.6;3.9;0.0;15.0;0.5;23.0;
Raspberry;Fruits;Fruits fresh;44.0;1.2;0.8;5.8;16.0;0.4;20.0;
Ham in the rear;Meat and sausage products;Cooked sausages;104.0;20.2;2.3;0.7;17.0;0.6;24.0;
Venison;Meat and offal;Wild;112.0;20.6;3.3;0.0;10.0;2.3;21.0;
Millet grain;Cereal products, pulses and potatoes;Other cereal products;360.0;10.6;3.9;68.8;9.5;6.9;120.0;
Millet flakes;Breads, flakes and breakfast cereals;Flakes, bran and germ;360.0;10.6;3.9;68.8;10.0;6.9;120.0;
Hollandaise sauce;Miscellaneous;Sauces;212.0;3.0;18.0;9.3;41.0;0.7;6.0;
Elderberry, black;Fruits;Fruits fresh;63.0;2.5;1.7;7.4;37.0;1.6;30.0;
Honey;Sweets;Jams and sweet spreads;306.0;0.4;0.0;76.0;5.0;0.5;3.0;
egg hard-boiled;Eggs;;156.0;14.0;10.9;0.3;46.0;1.7;12.0;egg
egg;Eggs;;140.0;12.6;9.8;0.3;48.0;1.8;12.0;egg
egg yolk;Eggs;;349.0;16.4;31.3;0.3;140.0;5.5;12.0;egg
egg white;Eggs;;45.0;10.8;0.0;0.4;5.1;0.0;11.0;egg
Legumes;Cereal products, pulses and potatoes;Legumes;127.0;9.6;1.9;14.7;36.0;2.0;44.0;
Pulses;Cereal products, pulses and potatoes;Legumes;336.0;25.1;4.9;39.7;96.0;6.0;130.0;
Hummus;Miscellaneous;Sauces;204.0;7.3;14.0;9.4;170.0;2.1;75.0;
Cottage cheese;Milk and dairy products;Cream cheese and curd;100.0;12.4;4.5;2.4;69.0;0.0;6.2;milk
Instant mashed potatoes;Cereal products, pulses and potatoes;Potatoes;80.0;2.0;2.8;11.5;46.0;0.4;13.0;
Hunter's sauce;Miscellaneous;Sauces;58.0;2.2;1.8;8.0;17.0;0.7;8.0;
Yoghurt Bifidus;Milk and dairy products;Yoghurt and sour milk;66.0;4.0;3.6;4.5;150.0;0.0;12.0;milk
Yoghurt sweetened;Milk and dairy products;Yoghurt and sour milk;105.0;3.7;3.4;14.7;120.0;0.1;15.0;milk
Flavoured yoghurt, lean, with sweeteners;Milk and dairy products;Yoghurt and sour milk;47.0;4.4;0.1;7.0;100.0;0.1;11.0;milk
Yoghurt with fruit, lean, with sweeteners;Milk and dairy products;Yoghurt and sour milk;49.0;4.5;0.1;7.0;110.0;0.1;11.0;milk
Yoghurt Strawberry;Milk and dairy products;Yoghurt and sour milk;101.0;3.4;2.7;15.2;110.0;0.1;11.0;milk
Yoghurt Hazelnut;Milk and dairy products;Yoghurt and sour milk;119.0;3.8;4.6;15.0;110.0;0.1;16.0;milk
Yoghurt Mocha;Milk and dairy products;Yoghurt and sour milk;99.0;3.7;3.1;14.1;130.0;0.1;13.0;milk
Yoghurt Mocha, Organic;Milk and dairy products;Yoghurt and sour milk;95.0;3.4;3.3;13.1;120.0;0.2;18.0;milk
Yoghurt nature;Milk and dairy products;Yoghurt and sour milk;66.0;3.9;3.6;4.5;140.0;0.0;12.0;milk
Yoghurt chocolate;Milk and dairy products;Yoghurt and sour milk;120.0;3.9;3.9;16.9;130.0;0.3;18.0;milk
Yoghurt vanilla;Milk and dairy products;Yoghurt and sour milk;98.0;3.7;3.0;14.0;130.0;0.0;11.0;milk
Yoghurt alternative made from soy with fruit or flavouring;Milk and dairy products;Milk substitutes;82.0;3.4;1.8;12.2;0.0;0.5;19.0;milk
Yoghurt alternative made from soy natural;Milk and dairy products;Milk substitutes;45.0;4.0;2.2;1.5;13.0;0.4;22.0;milk
Currant, red;Fruits;Fruits fresh;50.0;1.6;0.7;7.1;38.0;0.4;12.0;
Currant, black;Fruits;Fruits fresh;71.0;1.3;0.9;9.7;57.0;1.2;23.0;
Coffee soluble;Soft drinks;Coffee;253.0;11.2;0.0;42.6;170.0;4.4;390.0;
Coffee black;Soft drinks;Coffee;2.0;0.1;0.0;0.3;8.0;0.0;3.3;
Coffee cream;Fats and oils;Cream,Milk and dairy products;161.0;2.6;15.0;3.8;96.0;0.0;8.2;
Cocoa butter;Fats and oils;Fat;900.0;0.0;100.0;0.0;0.0;0.0;0.0;
Cocoa powder;Sweets;Chocolate and cocoa products,Non-alcoholic beverages;419.0;22.5;24.5;10.8;110.0;13.0;410.0;
Persimmon;Fruits;Fruits fresh;70.0;0.9;0.3;14.3;6.9;0.1;7.2;
Veal, breast;Meat and offal;Calf;204.0;18.3;14.5;0.0;5.3;0.6;18.0;
Veal minced;Meat and offal;Calf;104.0;20.5;2.4;0.0;4.9;0.8;20.0;
Veal liver;Meat and offal;Calf;135.0;19.6;4.3;4.6;9.0;7.4;19.0;
Veal milks;Meat and offal;Calf;99.0;17.2;3.4;0.0;4.0;1.9;16.0;
Calf kidney;Meat and offal;Calf;112.0;15.8;5.0;1.0;11.0;12.0;16.0;
Veal shoulder, roast;Meat and offal;Calf;124.0;20.2;4.8;0.0;22.0;1.4;23.0;
Veal tongue;Meat and offal;Calf;181.0;17.2;11.6;1.9;9.0;2.8;17.0;
Veal;Meat and offal;Calf;128.0;21.1;4.8;0.0;9.7;1.1;22.0;
Veal sausage;Meat and sausage products;Boiled sausage products;228.0;12.5;19.2;1.2;20.0;0.5;12.0;
Squid;Fish;Seafood, crustaceans and shellfish;83.0;16.0;1.1;2.3;14.0;0.6;40.0;mollusk
Rabbit;Meat and offal;Other species;150.0;20.5;7.5;0.0;14.0;1.6;25.0;
Carrot;Vegetables;Vegetables fresh;38.0;0.8;0.3;6.6;31.0;0.2;8.4;
Carrot juice;Soft drinks;Fruit and vegetable juices,Vegetables;33.0;0.7;0.1;6.8;24.0;0.5;13.0;
Potato;Cereal products, pulses and potatoes;Potatoes;75.0;2.0;0.1;15.6;5.8;0.4;18.0;
Potato starch;Cereal products, pulses and potatoes;Flours and starches,Miscellaneous;336.0;0.6;0.1;83.1;35.0;1.8;6.0;
Mashed potatoes;Cereal products, pulses and potatoes;Potatoes;139.0;2.0;8.4;12.9;18.0;0.3;16.0;
Cheese in brine;Milk and dairy products;Cream cheese and curd,milk and dairy products;256.0;16.0;20.7;1.4;480.0;0.2;20.0;milk
Cheese butter;Fats and oils;Fats,milk and dairy products;747.0;0.4;82.5;0.6;12.0;0.0;1.0;
Kefe;Vegetables;Vegetables fresh;68.0;4.0;0.2;10.0;20.0;2.0;30.0;
Ketchup;Miscellaneous;Sauces;117.0;2.0;0.4;26.0;19.0;0.9;19.0;
Chickpea dried;Cereal products, pulses and potatoes;Legumes;327.0;18.6;4.9;44.3;120.0;5.4;140.0;
Kirsch;Alcoholic drinks;Spirits;233.0;0.0;0.0;0.0;1.9;0.0;0.0;
Cherry;Fruits;Fruits fresh;62.0;0.8;0.4;13.0;9.9;0.2;8.8;
Kiwi;Fruits;Fruits fresh;58.0;0.9;0.6;11.0;33.0;0.2;13.0;
Crispbread;Breads, flakes and breakfast cereals;Crispbreads, rusks, crackers and waffles;332.0;12.0;1.7;61.1;26.0;4.0;100.0;
Garlic;Vegetables;Vegetables fresh;137.0;7.0;0.5;24.5;38.0;1.4;21.0;
Celeriac;Vegetables;Vegetables fresh;28.0;1.5;0.3;2.4;43.0;0.7;12.0;
Button flour;Cereal products, pulses and potatoes;Flours and starches;351.0;11.9;1.3;71.3;15.0;0.8;24.0;
Table salt;Miscellaneous;Salt, spices and flavours;0.0;0.0;0.0;0.0;10.0;0.3;1.0;
Cooked bacon;Meat and sausage products;Raw sausage products;322.0;17.8;27.6;0.6;10.0;0.4;16.0;
Cooked sausages;Meat and sausage products;Cooked sausages;278.0;15.4;23.5;1.1;25.0;8.7;11.0;
Cabbage;Vegetables;Vegetables fresh;29.0;2.2;0.3;3.0;52.0;0.7;19.0;
Kohlrabi;Vegetables;Vegetables fresh;27.0;1.9;0.2;3.7;64.0;0.5;43.0;
Coconut oil;Fats and oils;Fat;894.0;0.8;99.0;0.0;2.0;0.0;200.0;
Coconut macaroons;Sweets;Guetzli;567.0;6.9;41.4;37.1;8.3;1.8;66.0;
Coconut;Nuts, seeds and oil fruits;;384.0;4.6;36.5;4.8;20.0;2.3;39.0;
Coconut dried;Nuts, seeds and oil fruits;;681.0;7.6;65.2;8.4;11.0;2.8;100.0;
Coconut milk;Nuts, seeds and oil fruits;;214.0;2.4;21.3;3.1;18.0;3.3;46.0;
Condensed milk;Milk and dairy products;Milk;131.0;6.4;7.6;9.3;240.0;0.1;27.0;milk
Jam;Sweets;Jams and sweet spreads;246.0;0.5;0.5;58.7;18.0;1.4;2.0;
Lettuce;Vegetables;Vegetables fresh;14.0;1.3;0.2;1.1;31.0;0.4;7.6;
Cutlet;Meat and offal;Pork,meat and offal;177.0;21.3;10.2;0.0;5.1;0.5;21.0;
Crustaceans;Fish;Seafood, crustaceans and shellfish;75.0;15.5;1.0;1.0;30.0;1.2;34.0;
Cake batter;Cereal products, pulses and potatoes;Doughs;375.0;6.7;21.2;38.5;11.0;0.8;19.0;
Cake dough;Cereal products, pulses and potatoes;Doughs;372.0;7.6;21.5;33.8;20.0;2.8;72.0;
Pumpkin;Vegetables;Vegetables fresh;23.0;0.6;0.1;4.5;18.0;0.4;7.0;
Pumpkin seeds;Nuts, seeds and oil fruits;;615.0;35.6;49.1;4.7;63.0;8.2;520.0;
Pumpkin seed oil;Fats and oils;Oils;810.0;0.0;90.0;0.0;0.0;0.0;0.0;
Salmon smoked;Fish;Sea fish;167.0;23.2;8.2;0.0;10.0;0.0;27.0;fish
Salmon;Fish;Sea fish;182.0;19.7;11.5;0.0;8.0;0.4;30.0;fish
Lamb chop;Meat and offal;Lamb, Sheep;179.0;20.2;10.9;0.0;8.4;1.5;20.0;
Lamb kidney piece;Meat and offal;Lamb, Sheep;117.0;21.8;3.3;0.0;3.8;1.9;23.0;
Lamb rack;Meat and offal;Lamb, Sheep;156.0;20.3;8.3;0.0;7.5;1.8;24.0;
Landjäger;Meat and sausage products;Raw sausage products;491.0;26.6;42.7;0.0;21.0;1.9;21.0;
Latte macchiato;Milk and dairy products;Milk and yoghurt drinks,Soft drinks;47.0;2.2;2.8;3.2;84.0;0.0;7.6;milk
Lettuce;Vegetables;Vegetables fresh;16.0;1.2;0.3;1.3;37.0;0.3;11.0;
Leek;Vegetables;Vegetables fresh;30.0;1.6;0.3;3.7;31.0;0.9;11.0;
Pretzel roll;Breads, flakes and breakfast cereals;Breads and bread products;282.0;9.3;4.9;48.9;57.0;0.5;15.0;
Pretzels dry;Salty snacks;Salt sticks and pretzels;361.0;8.6;4.1;72.1;140.0;0.7;0.0;
Laugengipfeli;Breads, flakes and breakfast cereals;Breads and bread products;423.0;9.1;25.0;39.4;35.0;0.4;11.0;
Liver sausage;Meat and sausage products;Cooked sausages;253.0;19.8;19.1;0.5;5.0;3.6;16.0;
Gingerbread;Sweets;Other sweet baked goods;404.0;6.5;13.8;61.6;69.0;1.9;45.0;
Linseed oil, cold pressed;Fats and oils;Oils;810.0;0.0;90.0;0.0;0.9;0.0;0.0;
Linseed;Nuts, seeds and oil fruits;;533.0;21.3;42.2;3.6;240.0;6.3;320.0;
Lemon Curd;Sweets;Creams and puddings;317.0;6.4;16.0;36.8;26.0;0.9;7.1;
Limburg;Milk and dairy products;Hard cheese;273.0;20.0;21.4;0.0;230.0;0.1;15.0;milk
Lemonade;Soft drinks;Sweet drinks;38.0;0.0;0.0;9.5;5.0;0.1;11.0;
Lentil dried;Cereal products, pulses and potatoes;Legumes;324.0;24.4;1.5;44.8;57.0;8.0;96.0;
Ladyfingers;Sweets;Guetzli;413.0;12.2;8.3;71.8;65.0;2.1;15.0;
Luganighe;Meat and sausage products;Raw sausage products;298.0;22.1;22.9;0.5;3.9;1.3;25.0;
Lyon;Meat and sausage products;Boiled sausage products;244.0;11.5;21.8;0.5;6.5;0.5;11.0;
Corn chips;Salty snacks;Chips;509.0;7.8;27.2;56.0;67.0;1.9;43.0;
Corn;Vegetables;Vegetables cooked (incl. canned);100.0;3.5;1.3;16.9;2.4;0.4;28.0;
Maize;Vegetables;Vegetables fresh;93.0;3.3;1.2;15.7;2.2;0.4;27.0;
Maize grits;Cereal products, pulses and potatoes;Maize;350.0;8.8;1.1;73.8;4.0;1.0;20.0;
Maize germ oil;Fats and oils;Oils;810.0;0.0;90.0;0.0;0.0;0.0;0.0;
Corn cobs pickled in vinegar;Vegetables;Vegetables cooked (incl. canned);119.0;3.4;1.4;21.0;3.0;0.6;33.0;
Maize starch;Cereal products, pulses and potatoes;Flours and starches,Miscellaneous;354.0;0.3;0.0;88.0;1.0;0.5;2.0;
Tangerine;Fruits;Fruits fresh;47.0;0.8;0.2;9.2;23.0;0.1;9.3;
Almond;Nuts, seeds and oil fruits;;624.0;25.6;52.1;7.8;270.0;3.3;240.0;shellFruit
Almond roasted and salted;Salty snacks;Salted nuts, seeds, kernels;649.0;25.6;55.2;7.2;240.0;3.3;270.0;shellFruit
Mango dried;Fruits;Fruits dried;293.0;2.9;2.2;61.1;59.0;2.0;88.0;
Mango;Fruits;Fruits fresh;68.0;0.6;0.6;14.3;15.0;0.1;9.0;
Chard;Vegetables;Vegetables fresh;23.0;2.1;0.2;2.7;80.0;2.3;81.0;
Cassava root tuber;Vegetables;Vegetables fresh;140.0;1.0;0.2;32.1;32.0;0.7;65.0;
Margarine;Fats and oils;Fat;724.0;0.5;80.0;0.5;10.0;0.1;1.8;
Marble cake;Sweets;Cakes, Pies and Cake;356.0;7.4;17.1;42.6;44.0;1.0;19.0;
Marzipan;Sweets;Other sweets;474.0;8.0;17.6;68.6;82.0;1.5;72.0;
Mascarpone;Milk and dairy products;Cream cheese and curd;435.0;4.5;44.5;4.1;68.0;0.2;0.0;milk
Mayonnaise;Fats and oils;Mayonnaises;742.0;1.1;81.7;0.5;15.0;0.6;7.0;
Flour;Cereal products, pulses and potatoes;Flours and starches;343.0;12.4;1.4;67.8;14.0;1.9;45.0;
Molasses, treacle;Sweets;Jams and sweet spreads;274.0;1.2;0.0;67.2;500.0;9.2;140.0;
Meringue;Sweets;Other sweets;401.0;5.0;0.5;94.0;4.0;0.2;5.0;
Mussel;Fish;Seafood, crustaceans and shellfish;85.0;11.7;2.7;3.4;88.0;5.8;36.0;mollusk
Milk;Milk and dairy products;Milk;62.0;3.2;3.4;4.6;120.0;0.0;10.0;milk
Coffee with milk;Milk and dairy products;Milk and yoghurt drinks,Soft drinks;16.0;0.7;0.9;1.2;32.0;0.0;4.8;milk
Rice pudding;Sweets;Creams and puddings;129.0;5.3;3.5;19.0;150.0;0.1;17.0;
Milk chocolate;Sweets;Chocolate and cocoa products;537.0;6.5;31.1;56.9;250.0;2.1;55.0;
Minipic sausages;Meat and sausage products;Raw sausage products;460.0;26.1;39.1;0.8;0.0;3.0;28.0;
Mirabelle;Fruits;Fruits fresh;76.0;0.6;0.2;18.0;11.0;0.1;8.2;
Whey;Milk and dairy products;Milk and yoghurt drinks;24.0;0.8;0.2;4.7;68.0;0.1;8.0;milk
Morel;Vegetables;Mushrooms;29.0;2.5;0.3;0.5;11.0;1.2;16.0;
Mortadella;Meat and sausage products;Boiled sausage products;314.0;16.1;27.3;0.8;3.9;0.9;13.0;
Mostbröckli;Meat and sausage products;Raw sausage products;150.0;32.6;1.9;0.5;0.0;3.3;33.0;
Mozzarella;Milk and dairy products;Soft cheese,Milk and dairy products;256.0;19.5;19.5;0.7;340.0;0.1;10.0;milk
Shortcrust;Cereal products, pulses and potatoes;Doughs;393.0;6.4;19.7;46.7;9.3;0.8;17.0;
Nectarine;Fruits;Fruits fresh;55.0;1.0;0.3;11.3;7.0;0.2;9.0;
Lamb's lettuce;Vegetables;Vegetables fresh;23.0;2.0;0.4;2.0;38.0;2.1;13.0;
Oven fries, deep-frozen;Cereal products, pulses and potatoes;Potatoes;127.0;1.8;5.0;18.1;5.2;0.3;15.0;
Olive green;Nuts, seeds and oil fruits;;154.0;1.3;15.7;0.0;58.0;0.2;24.0;
Olive black;Nuts, seeds and oil fruits;;176.0;1.4;17.2;0.8;80.0;8.5;16.0;
Olive oil;Fats and oils;Oils;810.0;0.0;90.0;0.0;0.0;0.1;0.9;
Orange;Fruits;Fruits fresh;45.0;0.8;0.2;8.0;45.0;0.3;15.0;
Orange nectar;Soft drinks;Sweet drinks,Soft drinks;44.0;0.4;0.0;10.5;6.0;0.1;7.0;
Orange juice;Fruits;Fruit juices,Soft drinks;44.0;0.6;0.1;10.0;8.3;0.1;10.0;
Palm oil;Fats and oils;Oils,Fats and Oils;799.0;0.0;88.8;0.0;0.9;0.0;0.9;
Pancetta;Meat and sausage products;Raw sausage products;467.0;19.5;43.0;0.4;13.0;0.8;0.0;
Panettone;Sweets;Other sweet baked goods;354.0;6.4;10.7;56.5;150.0;3.0;0.0;
Breadcrumbs;Cereal products, pulses and potatoes;Flours and starches;373.0;12.7;2.1;73.5;50.0;1.2;23.0;
Pantli;Meat and sausage products;Raw sausage products;553.0;21.7;51.4;0.9;5.1;1.7;22.0;
Papaya;Fruits;Fruits fresh;44.0;0.5;0.1;9.5;21.0;0.2;17.0;
Brazil nut;Nuts, seeds and oil fruits;;698.0;17.0;66.5;4.2;160.0;2.4;350.0;shellFruit
Parisian bread;Breads, flakes and breakfast cereals;Breads and bread products;255.0;9.0;0.9;51.2;10.0;0.9;22.0;
Parmesan;Milk and dairy products;Hard cheese;401.0;30.5;31.0;0.0;1340.0;0.7;44.0;milk
Passion fruit;Fruits;Fruits fresh;102.0;2.1;3.0;10.9;8.1;0.6;26.0;
Parsnip;Vegetables;Vegetables fresh;62.0;1.3;0.4;12.1;47.0;0.7;26.0;
Pepperoni green;Vegetables;Vegetables fresh;20.0;0.8;0.3;2.6;6.0;0.3;6.0;
Pepperoni red;Vegetables;Vegetables fresh;32.0;0.9;0.4;5.2;9.0;0.4;12.0;
Pesto green;Miscellaneous;Sauces;430.0;3.9;42.5;6.6;150.0;0.6;36.0;
Pesto red;Miscellaneous;Sauces;398.0;5.7;35.8;10.8;99.0;2.0;58.0;
Parsley;Vegetables;Herbs;58.0;3.9;0.5;7.4;210.0;5.9;37.0;
Petit beurre;Sweets;Guetzli;431.0;8.7;12.4;70.2;11.0;1.1;24.0;
Peppermint;Vegetables;Herbs;49.0;3.8;0.7;5.3;210.0;9.5;30.0;
Peach;Fruits;Fruits fresh;43.0;0.8;0.1;8.9;7.3;0.2;9.0;
Plum dried;Fruits;Fruits dried;227.0;1.6;0.4;55.4;50.0;0.4;30.0;
Plum;Fruits;Fruits fresh;48.0;0.6;0.2;10.2;8.3;0.3;7.4;
Mushroom;Vegetables;Mushrooms;29.0;3.5;0.4;0.6;7.6;2.4;13.0;
Pistachio;Nuts, seeds and oil fruits;;594.0;23.8;45.4;17.6;92.0;2.8;120.0;shellFruit
Pizza dough;Cereal products, pulses and potatoes;Doughs;229.0;7.0;3.6;41.2;5.9;0.4;9.4;
French fries;Salty snacks;Chips;538.0;4.9;34.8;49.3;14.0;0.9;40.0;
Popcorn;Salty snacks;Other salty snacks;367.0;12.0;4.2;62.9;10.0;2.7;110.0;
Port wine;Alcoholic drinks;Wine;152.0;0.2;0.0;12.0;7.0;0.4;9.0;
Chicken breast;Meat and offal;Poultry;152.0;23.3;6.5;0.0;3.9;0.3;26.0;
Chicken breast cutlet, roasted;Meat and offal;Poultry;128.0;30.1;0.8;0.0;4.1;0.4;27.0;
Chicken thigh;Meat and offal;Poultry;187.0;23.9;10.2;0.0;7.2;0.6;21.0;
Cranberry;Fruits;Fruits fresh;36.0;0.3;0.5;6.2;14.0;0.5;6.0;
Pudding Caramel;Sweets;Creams and puddings;125.0;3.4;2.1;23.0;94.0;0.0;9.0;
Pudding chocolate;Sweets;Creams and puddings;121.0;3.0;2.6;21.0;90.0;0.5;14.0;
Pudding vanilla;Sweets;Creams and puddings;102.0;2.8;2.1;18.0;96.0;0.1;10.0;
Quark, nature, cream;Milk and dairy products;Cream cheese and curd;183.0;6.9;15.6;3.7;93.0;0.0;8.1;milk
Curd sheet dough;Cereal products, pulses and potatoes;Doughs;401.0;7.1;28.3;29.0;38.0;0.6;16.0;
Quince;Fruits;Fruits fresh;47.0;0.4;0.5;7.3;10.0;0.6;8.2;
Raclette cheese;Milk and dairy products;Hard cheese;357.0;25.9;27.9;0.0;670.0;0.1;27.0;milk
Radish;Vegetables;Vegetables fresh;17.0;1.1;0.1;2.1;26.0;0.4;9.4;
Cream;Fats and oils;Cream,Milk and dairy products;252.0;2.3;25.4;3.4;84.0;0.0;7.5;
Ice cream, fruit;Sweets;Milk-based glazes;185.0;3.5;8.0;24.7;110.0;0.5;0.0;
Rim;Vegetables;Vegetables fresh;46.0;1.5;0.1;8.4;17.0;0.9;21.0;
Rapeseed oil;Fats and oils;Oils;810.0;0.0;90.0;0.0;0.0;0.0;0.0;
Reblochon;Milk and dairy products;Soft cheese;307.0;19.9;25.2;0.0;390.0;0.1;20.0;milk
Venison;Meat and offal;Wild;122.0;22.4;3.6;0.0;25.0;3.0;20.0;
Venison ragout;Meat and offal;Wild;105.0;22.0;1.9;0.0;3.7;2.7;20.0;
Venison cutlet;Meat and offal;Wild;105.0;22.5;1.7;0.0;4.2;2.8;22.0;
Grated cheese;Milk and dairy products;Hard cheese;406.0;29.3;32.1;0.0;1190.0;0.5;41.0;milk
Rice;Cereal products, pulses and potatoes;Rice;350.0;7.4;2.8;71.4;11.0;1.1;120.0;
Rice drink;Milk substitutes;52.0;0.4;1.1;9.9;5.0;0.0;3.3;milk
Radish;Vegetables;Vegetables fresh;18.0;0.6;0.3;2.6;20.0;0.8;7.0;
Rhubarb;Fruits;Fruits fresh;22.0;0.8;0.2;1.5;130.0;0.3;14.0;
Beef breast;Meat and offal;Beef;188.0;18.9;12.5;0.0;4.0;2.2;18.0;
Beef corner piece;Meat and offal;Beef;111.0;22.6;2.3;0.0;3.8;2.2;23.0;
Beef entrecôte;Meat and offal;Beef;133.0;23.2;4.5;0.0;4.9;1.3;20.0;
Beef minced;Meat and offal;Beef;154.0;21.6;7.5;0.0;5.0;2.0;17.0;
Beef neck;Meat and offal;Beef;150.0;19.3;8.1;0.0;6.8;2.1;18.0;
Beef liver;Meat and offal;Beef;138.0;20.5;3.9;5.3;7.0;7.0;17.0;
Beef tongue;Meat and offal;Beef;196.0;16.0;13.0;3.7;10.0;3.0;18.0;
Beef;Meat and offal;Beef;134.0;21.4;5.4;0.0;4.5;1.8;20.0;
Ribs;Meat and sausage products;Cooked sausages;155.0;21.7;7.3;0.5;32.0;1.5;54.0;
Ristretto crème;Soft drinks;Coffee;47.0;0.8;4.3;1.3;33.0;0.0;4.7;
Rye flour;Cereal products, pulses and potatoes;Flours and starches;337.0;10.8;1.5;63.1;26.0;3.2;82.0;gluten
Rye bread;Breads, flakes and breakfast cereals;Breads and bread products;235.0;7.7;1.0;44.1;21.0;2.2;56.0;gluten
Bacon;Meat and sausage products;Raw sausage products;400.0;22.1;34.3;0.6;0.0;0.0;22.0;
Ham;Meat and sausage products;Raw sausage products;229.0;31.0;11.5;0.3;9.0;2.8;30.0;
Rolled barley;Cereal products, pulses and potatoes;Other cereal products;347.0;10.4;1.4;71.0;18.0;3.0;65.0;gluten
Rollmops;Fish;Fish products;270.0;12.0;15.9;19.6;30.0;0.9;6.4;
Rolled ham;Meat and sausage products;Cooked sausages;181.0;20.3;10.6;1.2;7.7;0.7;21.0;
Roquefort;Milk and dairy products;Hard cheese;363.0;19.2;31.7;0.2;600.0;0.4;27.0;milk
Brussels sprouts;Vegetables;Vegetables fresh;43.0;4.0;0.5;3.5;31.0;1.1;23.0;
Sultana dried;Fruits;Fruits dried;321.0;3.0;0.9;73.2;80.0;2.3;41.0;
Rosemary;Vegetables;Herbs;62.0;0.8;2.5;7.7;210.0;4.8;36.0;
Rösti;Cereal products, pulses and potatoes;Potatoes;150.0;2.6;5.7;20.7;7.8;0.5;24.0;
Red cabbage;Vegetables;Vegetables fresh;30.0;1.4;0.3;4.0;52.0;0.5;13.0;
Ruchbrot;Breads, flakes and breakfast cereals;Breads and bread products;234.0;9.5;1.2;44.3;20.0;1.6;38.0;
Rocket;Vegetables;Vegetables fresh;28.0;2.6;0.7;2.1;160.0;1.5;0.0;
Sablé butter;Sweets;Guetzli;474.0;5.9;26.2;53.1;7.9;0.3;7.5;
Salametti;Meat and sausage products;Raw sausage products;343.0;14.8;31.4;0.3;3.0;0.9;16.0;
Salami;Meat and sausage products;Raw sausage products;422.0;22.0;37.1;0.0;0.0;1.2;17.0;
Sage;Vegetables;Herbs;59.0;1.7;2.1;6.9;270.0;4.5;69.0;
Salt;Miscellaneous;Salt, spices and flavours;0.0;0.0;0.0;0.0;140.0;24.0;0.0;
Seeds;Nuts, seeds and oil fruits;;612.0;20.9;52.5;9.1;170.0;4.5;260.0;
Anchovy in oil;Fish;Sea fish;182.0;26.4;8.5;0.2;290.0;2.7;230.0;
Anchovy paste;Miscellaneous;Spreads;272.0;19.8;21.3;0.2;220.0;2.1;170.0;
Sardine in oil, drained;Fish;Sea fish;215.0;23.0;13.7;0.0;400.0;2.5;37.0;
Sardine;Fish;Sea fish;163.0;20.4;9.0;0.0;85.0;1.4;28.0;
Saucisse aux choux;Meat and sausage products;Raw sausage products;361.0;15.9;32.3;1.5;16.0;0.7;18.0;
Saucisson;Meat and sausage products;Raw sausage products;403.0;18.2;36.4;0.5;3.8;0.9;21.0;
Saucisson vaudois;Meat and sausage products;Raw sausage products;358.0;16.5;32.3;0.2;14.0;0.7;17.0;
Sauerkraut pickled in vinegar;Vegetables;Vegetables cooked (incl. canned);19.0;1.3;0.3;1.7;36.0;0.5;11.0;
Sour cream;Fats and oils;Cream,Milk and dairy products;336.0;2.4;35.0;2.8;73.0;0.1;7.0;
Sbrinz;Milk and dairy products;Hard cheese;415.0;28.0;33.2;0.0;1030.0;0.3;38.0;milk
Scampi;Fish;Seafood, crustaceans and shellfish;93.0;19.6;1.3;0.8;29.0;2.0;68.0;
Sheep's milk;Milk and dairy products;Milk;105.0;5.5;7.1;4.7;180.0;0.0;18.0;milk
Sparkling wine;Alcoholic drinks;Wine;71.0;0.2;0.0;1.5;10.0;0.8;6.0;
Ham croissants;Salty snacks;Puff pastries,Dishes;338.0;11.1;20.8;26.0;24.0;0.7;16.0;
Processed cheese;Milk and dairy products;Cheese products;327.0;14.3;30.0;0.0;550.0;0.9;45.0;milk
Chives;Vegetables;Herbs;30.0;3.0;0.6;1.9;86.0;1.5;40.0;
Chocolate dark;Sweets;Chocolate and cocoa products;537.0;5.7;31.8;53.4;48.0;6.7;120.0;
Chocolate white;Sweets;Chocolate and cocoa products;567.0;6.7;35.2;55.8;260.0;0.3;12.0;
Chocolate cream;Sweets;Creams and puddings;122.0;3.6;3.0;20.0;150.0;0.9;14.0;
Chocolate powder;Sweets;Chocolate and cocoa products,Non-alcoholic beverages;398.0;5.3;7.8;71.3;37.0;4.2;130.0;
Plaice;Fish;Sea fish;86.0;17.1;1.9;0.0;61.0;0.9;22.0;
Schümliguetzli;Sweets;Guetzli;444.0;4.2;9.9;83.5;18.0;2.1;41.0;
Schümliguetzli with chocolate;Sweets;Guetzli;486.0;5.2;19.4;71.5;120.0;2.1;47.0;
Schützenwurst;Meat and sausage products;Boiled sausage products;244.0;9.2;23.0;0.2;5.5;0.9;7.3;
Black salsify;Vegetables;Vegetables fresh;55.0;1.4;0.4;2.1;53.0;3.3;23.0;
Pork breast tip;Meat and offal;Pig;239.0;17.9;18.6;0.0;6.0;0.7;19.0;
Pork corner piece;Meat and offal;Pig;162.0;33.0;3.3;0.0;12.0;2.6;27.0;
Pork, corner piece;Meat and offal;Pig;115.0;22.6;2.7;0.0;9.0;1.7;21.0;
Pork minced;Meat and offal;Pig;159.0;20.5;8.5;0.0;4.2;1.1;19.0;
Pork, cutlets;Meat and offal;Pig;134.0;21.3;5.4;0.0;4.3;0.7;20.0;
Pork Neck;Meat and offal;Pig;255.0;26.4;16.6;0.0;5.0;1.3;23.0;
Pork, knuckle;Meat and offal;Pig;173.0;25.6;7.6;0.7;2.0;1.1;25.0;
Pork, chop;Meat and offal;Pig;179.0;21.4;10.4;0.0;4.9;0.4;21.0;
Pork liver;Meat and offal;Pig;131.0;20.7;4.9;0.9;7.6;18.0;23.0;
Pork kidney;Meat and offal;Pig;138.0;22.9;5.1;0.0;3.7;0.4;21.0;
Pork;Meat and offal;Pig;160.0;21.4;8.3;0.0;6.0;1.0;21.0;
Lard;Fats and oils;Fat;891.0;0.0;99.0;0.0;1.0;0.0;1.0;
Pork sausage;Meat and sausage products;Boiled sausage products;268.0;16.2;22.4;0.5;10.0;1.0;17.0;
Hake;Fish;Sea fish;71.0;17.0;0.3;0.0;25.0;0.7;25.0;
Saithe;Fish;Sea fish;80.0;19.3;0.3;0.0;8.0;0.2;14.0;
Sole;Fish;Sea fish;85.0;18.7;1.1;0.0;29.0;0.6;25.0;
Celery piccata;Courts;Other salty;133.0;5.5;8.2;7.1;98.0;0.9;14.0;celery
Semmeli;Breads, flakes and breakfast cereals;Breads and bread products;245.0;9.2;0.9;48.5;10.0;1.0;22.0;
Mustard;Miscellaneous;Sauces;124.0;7.1;7.7;3.8;110.0;1.7;95.0;mustard
Sesame oil;Fats and oils;Oils;810.0;0.0;90.0;0.0;0.0;0.0;0.0;sesame
Sesame seeds;Nuts, seeds and oil fruits;;619.0;23.1;53.8;4.0;930.0;7.7;330.0;sesame
Sherry;Alcoholic drinks;Wine;118.0;0.1;0.0;3.6;9.0;0.5;8.0;
Silver onion pickled in vinegar;Vegetables;Vegetables cooked (incl. canned);28.0;0.9;0.2;4.9;22.0;0.2;0.0;
Syrup;Soft drinks;Syrup,Soft drinks;55.0;0.0;0.0;13.5;6.2;0.1;1.2;
Soybean;Cereal products, pulses and potatoes;Legumes;399.0;38.2;18.3;8.7;200.0;6.6;220.0;soy
Soy drink;Milk and dairy products;Milk substitutes;40.0;3.9;2.2;0.8;13.0;0.4;17.0;milk
Soya flour;Cereal products, pulses and potatoes;Flours and starches;398.0;40.8;20.6;3.1;200.0;12.0;250.0;soy
Soya oil;Fats and oils;Oils;810.0;0.0;90.0;0.0;0.0;0.0;0.0;soy
Soy sauce;Miscellaneous;Sauces;56.0;8.1;0.6;4.1;33.0;1.5;74.0;soy
Bean sprouts;Vegetables;Sprouts and seedlings;55.0;5.5;1.0;4.7;32.0;0.9;19.0;
Sunflower seeds;Nuts, seeds and oil fruits;;621.0;25.1;54.5;3.6;86.0;5.0;330.0;
Sunflower oil;Fats and oils;Oils;810.0;0.0;90.0;0.0;0.9;0.1;0.0;
Sorbet Fruit;Sweets;Water-based glazes;137.0;0.2;0.0;32.1;12.0;0.2;4.0;
Asparagus;Vegetables;Vegetables fresh;27.0;2.2;0.2;3.3;22.0;0.9;18.0;
Spinach;Vegetables;Vegetables fresh;23.0;2.7;0.4;0.8;100.0;2.7;58.0;
Spirits 40 vol%;Alcoholic drinks;Spirits;222.0;0.0;0.0;0.0;0.0;0.0;0.0;
Pomeranian;Sweets;Other sweet baked goods;499.0;5.8;25.6;60.3;14.0;1.0;16.0;
St Paulin;Milk and dairy products;Hard cheese;294.0;21.8;23.0;0.0;700.0;0.4;35.0;milk
Gooseberry;Fruits;Fruits fresh;39.0;0.8;0.2;7.1;29.0;0.6;15.0;
Celery;Vegetables;Vegetables fresh;15.0;0.9;0.1;1.5;52.0;0.5;14.0;celery
Boletus;Vegetables;Mushrooms;39.0;5.4;0.4;0.5;4.2;1.0;12.0;
Surimi;Fish;Fish products;125.0;8.3;4.9;11.8;19.0;0.4;12.0;
Sweet potato;Cereal products, pulses and potatoes;Potatoes;81.0;1.6;0.1;17.1;41.0;0.6;26.0;
Tea;Soft drinks;Tea;0.0;0.0;0.0;0.0;0.0;0.0;1.0;
Pasta;Cereal products, pulses and potatoes;Pasta;365.0;13.3;2.8;69.9;23.0;3.0;42.0;egg
Pasta without wholemeal;Cereal products, pulses and potatoes;Pasta;338.0;12.6;2.5;60.6;34.0;3.9;120.0;
Terrine de Campagne;Meat and sausage products;Cooked sausages;298.0;13.6;26.5;1.0;17.0;4.2;14.0;
Ticino bread;Breads, flakes and breakfast cereals;Breads and bread products;323.0;10.3;5.2;57.1;13.0;1.3;29.0;
Tête de Moine;Milk and dairy products;Hard cheese;417.0;24.2;35.5;0.0;700.0;0.1;27.0;milk
Tuna;Fish;Sea fish;149.0;23.4;6.2;0.0;28.0;1.1;34.0;fish
Thyme;Vegetables;Herbs;52.0;1.5;1.2;7.3;310.0;20.0;36.0;
Tilsiter;Milk and dairy products;Hard cheese;351.0;24.1;28.0;0.0;840.0;0.1;29.0;milk
Tilsiter milk;Milk and dairy products;Hard cheese;376.0;25.6;30.2;0.0;900.0;0.3;24.0;milk
Toast wholemeal;Breads, flakes and breakfast cereals;Breads and bread products;271.0;9.3;4.9;43.7;21.0;3.4;87.0;
Tofu;Meat substitutes;;148.0;14.7;8.5;2.9;100.0;2.4;100.0;soy
Tofu smoked;Meat substitutes;;164.0;16.4;9.5;2.9;62.0;2.0;140.0;soy
Tomato dried;Vegetables;Dried vegetables;210.0;11.3;0.5;29.2;140.0;6.5;180.0;
Tomato;Vegetables;Vegetables fresh;21.0;0.8;0.3;3.2;8.5;0.2;6.3;
Tomato paste;Vegetables;Vegetables cooked (incl. canned);77.0;4.5;0.2;12.9;48.0;1.6;48.0;
Tomato juice;Soft drinks;Fruit and vegetable juices,Vegetables;16.0;0.8;0.1;3.0;14.0;0.5;13.0;
Tomato sauce;Miscellaneous;Sauces;69.0;1.8;2.1;9.7;23.0;1.4;17.0;
Tomme;Milk and dairy products;Soft cheese;284.0;20.3;22.5;0.0;290.0;0.1;18.0;milk
Jerusalem artichoke;Vegetables;Vegetables fresh;54.0;2.4;0.4;4.0;28.0;0.6;16.0;
Grape white;Fruits;Fruits fresh;69.0;0.7;0.3;15.2;12.0;0.4;7.6;
Grape seed oil;Fats and oils;Oils;810.0;0.0;90.0;0.0;0.0;0.0;0.0;
Grape juice;Fruits;Fruit juices,Soft drinks;71.0;0.3;0.1;17.3;8.8;0.5;8.9;
Dextrose;Sweets;Sugar and sweeteners;399.0;0.0;0.0;99.8;1.0;0.3;0.0;
Water;Soft drinks;Drinking water;0.0;0.0;0.0;0.0;7.0;0.0;1.0;
Dried meat;Meat and sausage products;Raw sausage products;190.0;39.3;3.5;0.4;0.0;4.0;37.0;
Turkey breast;Meat and offal;Poultry;139.0;31.8;1.3;0.0;11.0;0.9;35.0;
Vacherin Mont d'Or;Milk and dairy products;Soft cheese;279.0;17.2;23.2;0.0;430.0;0.1;20.0;milk
Vanilla cream;Sweets;Creams and puddings;109.0;4.3;4.6;12.7;100.0;0.3;9.8;
Vegetarian minced meat;Meat substitutes;;92.0;13.4;2.3;1.6;160.0;0.3;38.0;
Vinaigrette;Fats and oils;Salad dressings;255.0;4.7;25.1;2.3;24.0;0.7;9.0;
Wholemeal rice cake;Breads, flakes and breakfast cereals;Crispbreads, rusks, crackers and waffles;390.0;7.7;2.8;81.5;11.0;1.5;130.0;
Whole milk powder;Milk and dairy products;Milk;480.0;24.7;26.2;35.1;1060.0;0.7;88.0;milk
Whole cream;Fats and oils;Cream,Milk and dairy products;334.0;2.0;34.8;3.1;71.0;0.1;6.2;
Full cream;Fats and oils;Cream,Milk and dairy products;335.0;2.0;34.9;3.1;71.0;0.0;6.3;
Valais rye bread;Breads, flakes and breakfast cereals;Breads and bread products;227.0;7.6;1.0;42.6;20.0;2.1;53.0;gluten
Wasabi paste;Miscellaneous;Sauces;308.0;2.9;10.6;49.6;0.0;0.0;0.0;
Water ice;Sweets;Water-based glazes;88.0;0.0;0.0;22.0;0.0;0.0;0.0;
Watermelon;Fruits;Fruits fresh;37.0;0.7;0.0;8.3;6.0;0.2;11.0;
Soft caramels;Sweets;Sweets, fruit and chewing gum;448.0;2.1;17.2;71.1;95.0;1.5;25.0;
Soft cheese;Milk and dairy products;Soft cheese;325.0;19.4;27.4;0.0;440.0;0.2;20.0;milk
Wine red;Alcoholic drinks;Wine;76.0;0.0;0.0;0.2;0.0;0.0;0.0;
Wine white;Alcoholic drinks;Wine;71.0;0.2;0.0;0.1;10.0;0.6;10.0;
Wine white sparkling;Alcoholic drinks;Wine;55.0;0.1;0.0;4.8;7.5;0.4;11.0;
White bread;Breads, flakes and breakfast cereals;Breads and bread products;242.0;8.5;0.8;48.9;8.3;0.6;15.0;
White cabbage;Vegetables;Vegetables fresh;30.0;1.4;0.2;4.2;56.0;0.3;12.0;
Weisswurst;Meat and sausage products;Boiled sausage products;220.0;11.8;18.9;0.6;21.0;0.7;10.0;
Wheat whole grain;Cereal products, pulses and potatoes;Other cereal products;327.0;11.4;1.8;59.6;33.0;3.2;97.0;gluten
Wheat flakes;Breads, flakes and breakfast cereals;Flakes, bran and germ;335.0;13.5;1.8;59.6;33.0;3.2;97.0;gluten
Wheat germ;Breads, flakes and breakfast cereals;Flakes, bran and germ,Special foods;375.0;29.2;9.5;35.1;54.0;6.9;250.0;gluten
Wheat germ oil;Fats and oils;Oils;810.0;0.0;90.0;0.0;0.0;0.0;0.0;gluten
Wheat bran;Breads, flakes and breakfast cereals;Flakes, bran and germ;264.0;15.2;4.7;17.7;67.0;16.0;480.0;gluten
Wheat flour, white, type 400;Cereal products, pulses and potatoes;Flours and starches;346.0;11.5;1.1;71.0;5.0;0.6;14.0;gluten
Wheat starch;Cereal products, pulses and potatoes;Flours and starches,Miscellaneous;348.0;0.4;0.1;85.8;0.0;0.0;4.0;gluten
Wholemeal wheat bread;Breads, flakes and breakfast cereals;Breads and bread products;213.0;8.6;1.3;38.3;20.0;3.1;82.0;gluten
Vermouth;Alcoholic drinks;Wine;139.0;0.1;0.0;13.5;8.0;0.5;5.4;
Viennese sausage;Meat and sausage products;Boiled sausage products;242.0;13.9;20.4;0.6;7.9;0.8;13.0;
Game meat;Meat and offal;Wild;115.0;21.1;3.4;0.0;15.0;2.5;21.0;
Wild boar;Meat and offal;Wild;108.0;19.5;3.4;0.0;10.0;1.8;22.0;
Savoy cabbage;Vegetables;Vegetables fresh;31.0;2.8;0.3;2.9;64.0;0.6;12.0;
Root and tuber vegetables;Vegetables;Vegetables fresh;36.0;1.0;0.3;6.0;33.0;0.3;12.0;
Goat;Meat and offal;Other species;149.0;19.5;7.9;0.0;10.0;2.0;20.0;
Goat's milk;Milk and dairy products;Milk;57.0;2.8;3.2;4.2;120.0;0.0;10.0;milk
Cinnamon;Miscellaneous;Salt, spices and flavours;317.0;3.9;3.2;56.0;1230.0;38.0;56.0;
Cinnamon Star;Sweets;Guetzli;505.0;14.2;25.9;50.9;150.0;2.2;120.0;
Candied lemon peel;Sweets;Other sweets;289.0;0.4;0.4;70.0;40.0;0.3;5.0;
Lemon;Fruits;Fruits fresh;23.0;0.8;0.5;2.9;25.0;0.5;16.0;
Lemon juice;Fruits;Fruit juices,Soft drinks;28.0;0.4;0.2;2.5;6.0;0.1;6.0;
Citrus fruits;Fruits;Fruits fresh;41.0;0.8;0.3;8.0;32.0;0.2;12.0;
Courgettes;Vegetables;Vegetables fresh;19.0;1.8;0.2;2.0;19.0;0.8;23.0;
Sugar brown;Sweets;Sugar and sweeteners;390.0;0.0;0.0;97.6;85.0;1.9;22.0;
Sugar white;Sweets;Sugar and sweeteners;400.0;0.0;0.0;100.0;1.0;0.1;0.0;
Sweet corn;Vegetables;Vegetables cooked (incl. canned);100.0;3.0;1.2;18.2;4.0;0.6;22.0;
Sugar melon;Fruits;Fruits fresh;62.0;1.1;0.1;14.8;11.0;0.2;16.0;
Plum;Fruits;Fruits fresh;43.0;0.6;0.1;8.8;13.0;0.4;8.0;
Rusk;Breads, flakes and breakfast cereals;Crispbreads, rusks, crackers and waffles;421.0;11.6;7.8;74.6;39.0;1.4;33.0;
Onion;Vegetables;Vegetables fresh;39.0;1.3;0.2;7.0;28.0;0.3;9.4;
Ajowan;Spices;;;;;;;;;
Anis;Spices;;;;;;;;;
Annatto;Spices;;;;;;;;;soy
Asant;Spices;;;;;;;;;
Wild garlic;Spices;;;;;;;;;
Bärwurz;Spices;;;;;;;;;
Basil;Spices;;;;;;;;;
Mugwort;Spices;;;;;;;;;
Berbere;Spices;;;;;;;;;
Mountain cumin;Spices;;;;;;;;;
Bertram;Spices;;;;;;;;;
Fenugreek;Spices;;;;;;;;;
Savory;Spices;;;;;;;;;
Borage;Spices;;;;;;;;;
Bread clover;Spices;;;;;;;;;
Watercress;Spices;;;;;;;;;
Cardamom;Spices;;;;;;;;;
Cayenne pepper;Spices;;;;;;;;;
Chilli;Spices;;;;;;;;;
Cilantro;Spices;;;;;;;;;
Cumin;Spices;;;;;;;;;
Curcuma;Spices;;;;;;;;;
Curry leaves;Spices;;;;;;;;;
Curry powder;Spices;;;;;;;;;
Dill;Spices;;;;;;;;;
Dost;Spices;;;;;;;;;
Mountain rue;Spices;;;;;;;;;
Pickling spices;Spices;;;;;;;;;
Angelica;Spices;;;;;;;;;
Epazote;Spices;;;;;;;;;
Vinegar tree;Spices;;;;;;;;;
Estagon;Spices;;;;;;;;;
Safflower;Spices;;;;;;;;;
Stonecrop;Spices;;;;;;;;;
Gagel;Spices;;;;;;;;;
Galangal;Spices;;;;;;;;;
Daisies;Spices;;;;;;;;;
Garam Masala;Spices;;;;;;;;;
Turmeric;Spices;;;;;;;;;
Clove;Spices;;;;;;;;;
Gochujang;Spices;;;;;;;;;
Gomashia;Spices;;;;;;;;;
Harissa;Spices;;;;;;;;;
Herbes Fines;Spices;;;;;;;;;
Honey;Spices;;;;;;;;;
Coltsfoot;Spices;;;;;;;;;
Ginger;Spices;;;;;;;;;
Kafernlimette;Spices;;;;;;;;;
Cocoa powder;Spices;;;;;;;;;
Kalmus;Spices;;;;;;;;;
Capers;Spices;;;;;;;;;
Nasturtium;Spices;;;;;;;;;
Green cardamom;Spices;;;;;;;;;
Black cardamom;Spices;;;;;;;;;
Chervil;Spices;;;;;;;;;
Kemirin nut;Spices;;;;;;;;;
Garlic powder;Spices;;;;;;;;;
Coriander;Spices;;;;;;;;;
Horseradish;Spices;;;;;;;;;
Cress;Spices;;;;;;;;;
Large mullein;Spices;;;;;;;;;
Cumin;Spices;;;;;;;;;
Cubeb pepper;Spices;;;;;;;;;
Caraway;Spices;;;;;;;;;
Pumpkin seed oil;Spices;;;;;;;;;
Camp pepper;Spices;;;;;;;;;
Liquorice;Spices;;;;;;;;;
Lavender;Spices;;;;;;;;;
Lovage;Spices;;;;;;;;;
Lime juice;Spices;;;;;;;;;
Laurel;Spices;;;;;;;;;
Spoonwort;Spices;;;;;;;;;
Nutmeg;Spices;;;;;;;;;
Almond;Spices;;;;;;;;;shellFruit
Marjoram;Spices;;;;;;;;;
Report;Spices;;;;;;;;;
Melissa;Spices;;;;;;;;;
Mint;Spices;;;;;;;;;
Mitsuba;Spices;;;;;;;;;
Poppy seed;Spices;;;;;;;;;
Myrrh chervil;Spices;;;;;;;;;
Carnation;Spices;;;;;;;;;
Clove pepper;Spices;;;;;;;;;
Oil pumpkin;Spices;;;;;;;;;
Orange peel;Spices;;;;;;;;;
Oregano;Spices;;;;;;;;;
Pandanus;Spices;;;;;;;;;
Grains of Paradise;Spices;;;;;;;;;
Paprika powder;Spices;;;;;;;;;
Parsnips;Spices;;;;;;;;;
Pepperoni;Spices;;;;;;;;;
Perilla;Spices;;;;;;;;;
Parsley;Spices;;;;;;;;;
Pepper white;Spices;;;;;;;;;
Pepper;Spices;;;;;;;;;
Pepper green;Spices;;;;;;;;;
Peppermint;Spices;;;;;;;;;
Allspice;Spices;;;;;;;;;
Pimpinelle;Spices;;;;;;;;;
Purslane;Spices;;;;;;;;;
Quendel;Spices;;;;;;;;;
Ras el-Hanout;Spices;;;;;;;;;
Rhubarb;Spices;;;;;;;;;
Rosemary;Spices;;;;;;;;;
Rouille;Spices;;;;;;;;;
Saffron;Spices;;;;;;;;;
Sambal;Spices;;;;;;;;;
Sassafras;Spices;;;;;;;;;
Sorrel;Spices;;;;;;;;;
Slaw;Spices;;;;;;;;;
Shallot;Spices;;;;;;;;;
Yarrow;Spices;;;;;;;;;
Chive garlic;Spices;;;;;;;;;
Chives;Spices;;;;;;;;;
Black cumin;Spices;;;;;;;;;
Selerie sheets;Spices;;;;;;;;;
Celery salt;Spices;;;;;;;;;celery
Mustard seeds;Spices;;;;;;;;;mustard
Soumbala;Spices;;;;;;;;;
Ribwort;Spices;;;;;;;;;
Star anise;Spices;;;;;;;;;
Stevia;Spices;;;;;;;;;
Sumac;Spices;;;;;;;;;
Sweet dole;Spices;;;;;;;;;
Szechaun pepper;Spices;;;;;;;;;
Tamarind;Spices;;;;;;;;;
Tanduri Masala;Spices;;;;;;;;;
Tasmanian Mountain Pepper;Spices;;;;;;;;;
Tonka beans;Spices;;;;;;;;;
Tripmandam;Spices;;;;;;;;;
Truffle;Spices;;;;;;;;;
Chubritza;Spices;;;;;;;;;
Vanilla;Spices;;;;;;;;;
Juniper;Spices;;;;;;;;;
Woodruff;Spices;;;;;;;;;
Wood willowherb;Spices;;;;;;;;;
Water pepper;Spices;;;;;;;;;
Vine leaves;Spices;;;;;;;;;
Rue;Spices;;;;;;;;;
Ysob;Spices;;;;;;;;;
Chicory;Spices;;;;;;;;;
Lemon grass;Spices;;;;;;;;;
Titron balm;Spices;;;;;;;;;
Lemon peel;Spices;;;;;;;;;
Lemon thyme;Spices;;;;;;;;;
Citrus root;Spices;;;;;;;;;
Noodles, dry;Cereal products, pulses and potatoes;Pasta;353.0;12.6;1.2;70.5;22.0;1.5;56.0;
Red wine vinegar;Miscellaneous;Salt, spices and flavours;;;;;;;;
Bamboo skewers;Miscellaneous;;;;;;;;;
Black pepper;Spices;;;;;;;;;
Ground pork;Meat and offal;Pig;;;;;;;;
Bay leaves;Vegetables;Herbs;;;;;;;;
Black beans;Cereal products, pulses and potatoes;Legumes;;;;;;;;
Green chile pepper;Vegetables;Vegetables fresh;;;;;;;;
Red bell pepper;Vegetables;Vegetables fresh;;;;;;;;
Chorizo sausage;Meat and sausage products;Cooked sausages;;;;;;;;
Canola oil;Fats and oils;Oils;;;;;;;;
Beef top sirloin;Vegetables fresh;Beef;;;;;;;;
Collard greens;Vegetables;Vegetables fresh;;;;;;;;
Worcestershire sauce;Miscellaneous;Salt, spices and flavours;;;;;;;;
Green bell pepper;Vegetables;Vegetables fresh;;;;;;;;
Cajun seasoning;Spices;;;;;;;;;
Kidney beans;Cereal products, pulses and potatoes;Legumes;;;;;;;;
Red snapper;Fish;Sea fish;;;;;;;;
Lemon-pepper seasoning;Spices;;;;;;;;;
Scallops;Fish;Seafood;;;;;;;;
Red pepper flakes;Spices;;;;;;;;;
Ground beef;Meat and offal;Beef;;;;;;;;
Raisins;Fruits;Fruits dried;;;;;;;;
Steak seasoning;Spices;;;;;;;;;
Long grain rice;Cereal products, pulses and potatoes;;;;;;;;;
Yellow corn;Vegetables;;;;;;;;;
Tomato,fire roasted;;;;;;;;;
Quinoa,Cereal products, pulses and potatoes;;;;;;;;;
Celery, sliced;Vegetables;;;;;;;;;
Chicken Broth;Spices;;;;;;;;;
Ancho chilly, dried;Spices;;;;;;;;;
Lettuce, shredded;Vegetables;;;;;;;;;
Shrimp, peeled and deveined;Fish;;;;;;;;;
Pork loin, without bone;Meat and offal;;;;;;;;;
Salad dressing, italian style;Fats and oils;;;;;;;;;
Rump roast;Meat and offal;;;;;;;;;
Spaghetti;Cereal products, pulses and potatoes;;;;;;;;;
Gnocchi, refrigerated;Cereal products, pulses and potatoes;;;;;;;;;
Chicken sausage, italian style;Meat and offal;;;;;;;;;
Yellow onion;Vegetables;;;;;;;;;
Tomato, crushed;Vegetables;;;;;;;;;
Pappardelle pasta;Cereal products, pulses and potatoes;;;;;;;;;
Cornstarch;Cereal products, pulses and potatoes;;;;;;;;;
Chicken, cubed;Meat and offal;;;;;;;;;
Ramen noodles;Cereal products, pulses and potatoes;;;;;;;;;
Green onion, sliced; Vegetables;;;;;;;;;
Chicken thights, boneless and skinless;Meat and offal;;;;;;;;;
Plain yogurt;Milk and dairy products;;;;;;;;;
Plain yogurt, low fat;Milk and dairy products;;;;;;;;;
Bacon;Meat and offal;;;;;;;;;
Zucchini, sliced;Vegetables;;;;;;;;;
Red onion;Vegetables;;;;;;;;;
Orzo pasta;Vegetables;;;;;;;;;
Brown lentil;Cereal products, pulses and potatoes;;;;;;;;;
Plain greek style yogurt;Milk and dairy products;;;;;;;;;
Penne pasta;Cereal products, pulses and potatoes;;;;;;;;;
Eggplant, sliced;Vegetables;;;;;;;;;
Beef bouillon cube;Meat and offal;;;;;;;;;
White peppercorns;Spices;;;;;;;;;
Roasted peanuts;Nuts, seeds and oil fruits;;;;;;;;;
Bamboo shoots;Vegetables;;;;;;;;;
Corn oil;Fats and oils;;;;;;;;;
Chicken breast halves;Meat and offal;;;;;;;;;
Salt pork;Meat and sausage products;;;;;;;;;
Romano cheese;Milk and dairy products;;;;;;;;;
Bread crumbs;Breads, flakes and breakfast cereals;;;;;;;;;
Hot chutney;Spices;;;;;;;;;
Apricot jam;Sweets;;;;;;;;;
Polish sausage;Meat and sausage products;;;;;;;;;
Sazon seasoning;Spices;;;;;;;;;
Adobo seasoning;Spices;;;;;;;;;
Sofrito;Meat and sausage products;;;;;;;;;
Red pepper;Vegetable;;;;;;;;;
Serrano ham;Meat and sausage products;;;;;;;;;
Green peas;Vegetables;;;;;;;;;
Mild paprika;Spices;;;;;;;;;
Butter beans;Cereal products, pulses and potatoes;;;;;;;;;
Chourico sausage;Meat and sausage products;;;;;;;;;
Linguica sausage;Meat and sausage products;;;;;;;;;
Italian seasoning;Cereal products, pulses and potatoes;;;;;;;;;
Fava beans;Cereal products, pulses and potatoes;;;;;;;;;
Baking powder;Cereal products, pulses and potatoes;;;;;;;;;
Sumac powder;Spices;;;;;;;;;
Basmati rice;Cereal products, pulses and potatoes;;;;;;;;;
Russet potato;Cereal products, pulses and potatoes;;;;;;;;;
Dried limes;Spices;;;;;;;;;
Pita bread;Breads, flakes and breakfast cereals;;;;;;;;;
Cooking spray;Fats and oils;;;;;;;;;
Recatio;Miscellaneous;;;;;;;;;
Gandules;Vegetables;;;;;;;;;
Pinto beans;Cereal;;;;;;;;;
Napa cabbage;Vegetables;;;;;;;;;
Cellophane noodles;Pasta;;;;;;;;;
Beef stock;Meat and offal;;;;;;;;;
Beef sirloin steak;Meat and sausage products;;;;;;;;;
Heavy cream;Milk and dairy products;;;;;;;;;
Gruyere cheese;Milk and dairy products;;;;;;;;;
Yellow squash;Vegetables;;;;;;;;;
Yellow bell pepper;Vegetables;;;;;;;;;
Red bell pepper;Vegetables;;;;;;;;;
Thyme leaves;Spices;;;;;;;;;
Mascarpone cheese;Milk and dairy products;;;;;;;;;
Pork chops;Meat and offal;;;;;;;;;
Beef flank steak;Meat and offal;;;;;;;;;
Risotto rice;Cereal products, pulses and potatoes;;;;;;;;;
Bone-in pork chops;Meat and offal;;;;;;;;;
Yakisoba noodles;Cereal products, pulses and potatoes;;;;;;;;;
Dashi stock;Fish;;;;;;;;;
Mirin;Alcoholic drinks;;;;;;;;;
Vegetarian refried beans;Miscellaneous;;;;;;;;;
Vegan chees;Milk substitutes;;;;;;;;;
Dried Seeweed;Miscellaneous;;;;;;;;;
Green enchilada sauce;Miscellaneous;;;;;;;;;
Green chiles;Spices;;;;;;;;;
Red chiles;Spices;;;;;;;;;
Rice vermicelli;Cereal products, pulses and potatoes;;;;;;;;;
Cucumber;Vegetables;;;;;;;;;
Pickled cucumbers;Vegetables;;;;;;;;;


Rice wrapper;;;;;;;;;; 
Rice paper
Thai basilikum
Panko bread crumbs
Yam
Kaiser roll
Potato salad
Pimento pepper
Collard greens
Goat cheese
White truffle oil
Buffalo mozzarella
Heirloom tomato
Tortellini
Split mung beans
Monterey Jack cheese
Tomato puree
Fontina cheese
Feta cheese
Miso paste
Soba noodles
Sweet chili sauce
Pico de gallo
Sriracha chile sauce
Caraway seed
Colby cheese
Heavy whipping cream
Linguine pasta
Cajun seasoning
White cornmeal
Hoagie rolls
Enoa salami
Deli hamrice papers
Meatless ground beef substitute
dry white wine
Taco seasoning mix
Vegan Cheddar cheese
Hot Italian pork sausage
Parmigiano-Reggiano cheese
Marinara sauce
Greek yogurt
Poblano pepper
Swiss cheese
White beans
Soy margarine
Masala paste
Tahini
Monterey Jack cheese
Sea bass fillets
Sriracha sauce
Italian sausage
Cottage cheese
Queso fresco
Bok choy
Chinese spice powder
Cellophane noodles
Hot pepper sauce
Ranch dressing
Hot dog bun
Sport peppers
Seitan
Hot chili oil
Shiitake mushrooms
Provolone cheese
Lemon grass
Udon noodles
Ramen nooodles
Coriander seed
Rice vinegar
Fontina cheese
Chile garlic sauce
Ziti pasta
Turkey cold cuts
Garbanzo beans
Pepitas
Greek seasoning
Artichoke hearts
Deli turkey
Garlic salt
Maggie sauce
Corn tortillas
Mozzarella balls
Ginger garlic paste
Tandoori masala powder
Chicken thighs
Green cardamom pods
Creme fraiche
Cornstarch
caraway seeds
Fennel seeds
Coriander seeds
Rosemary
Beef rump roast
Lemon pepper
Brown lentils
Wooden skewers
Kabob skewers
Metal skewers
Penne pasta
Soup base
Worcestershire sauce
Beef rib eye steaks
Sake
Kimchi
Bonito shavings
Seaweed
Lamb loin chops
Rice vermicelli
Hoisin sauce
Romano cheese
Lamb stew meat
Beef stew meat
Apricots
Saffron threads
Chuck roast
Pork roast
Recaito
